id,Type,Source,Amount,Fee,Destination Platform Fee,Destination Platform Fee Currency,Net,Currency,Created (UTC),Available On (UTC),Description,Customer Facing Amount,Customer Facing Currency,Transfer,Transfer Date (UTC),Transfer Group,donorbox_address_line_2 (metadata),donorbox_country (metadata),donorbox_idempotency_key (metadata),donorbox_gift_aid (metadata),donorbox_plan_interval (metadata),donorbox_donation_type (metadata),donorbox_form_id (metadata),donorbox_postal_code (metadata),donorbox_state (metadata),donorbox_city (metadata),donorbox_address (metadata),donorbox_donor_id (metadata),donorbox_recurring_donation (metadata),donorbox_name (metadata),donorbox_last_name (metadata),donorbox_first_recurring_charge (metadata),donorbox_first_name (metadata),donorbox_email (metadata),donorbox_designation (metadata),donorbox_campaign (metadata)
txn_1RgFGkLpAglNISLQVegO8bP7,payout,po_1RgFGkLpAglNISLQ6BCUOLM9,-478.70,0.00,,,-478.70,usd,2025-07-02 01:15,2025-07-03 00:00,STRIPE PAYOUT,,,po_1RgFGkLpAglNISLQ6BCUOLM9,2025-07-03 00:00,,,,,,,,,,,,,,,,,,,,,
txn_3Rg7YaLpAglNISLQ1I0S89IZ,charge,ch_3Rg7YaLpAglNISLQ1wMzh8Ee,500.00,21.30,,,478.70,usd,2025-07-01 17:01,2025-07-03 00:00,Description 871,500.00,usd,po_1RgFGkLpAglNISLQ6BCUOLM9,2025-07-03 00:00,,Donor 2254,Donor 2255,Donor 2256,Donor 2257,Donor 2258,Donor 2259,Donor 2260,Donor 2261,Donor 2262,Donor 2263,Donor 2264,Donor 2265,Donor 2266,Donor 2267,Donor 2268,Donor 2269,Donor 2270,Donor 2271,Donor 2272,Donor 2273
txn_1RfsoGLpAglNISLQV5DAQQAx,payout,po_1RfsoFLpAglNISLQbo3PG6yD,-974.16,0.00,,,-974.16,usd,2025-07-01 01:16,2025-07-02 00:00,STRIPE PAYOUT,,,po_1RfsoFLpAglNISLQbo3PG6yD,2025-07-02 00:00,,,,,,,,,,,,,,,,,,,,,
txn_3RflEKLpAglNISLQ0hHj26ST,charge,ch_3RflEKLpAglNISLQ0VdnLbFR,150.00,6.60,,,143.40,usd,2025-06-30 17:10,2025-07-02 00:00,Description 872,150.00,usd,po_1RfsoFLpAglNISLQbo3PG6yD,2025-07-02 00:00,,Donor 2274,Donor 2275,Donor 2276,Donor 2277,Donor 2278,Donor 2279,Donor 2280,Donor 2281,Donor 2282,Donor 2283,Donor 2284,Donor 2285,Donor 2286,Donor 2287,Donor 2288,Donor 2289,Donor 2290,Donor 2291,Donor 2292,Donor 2293
txn_3RfeMMLpAglNISLQ1GHVg0uJ,charge,ch_3RfeMMLpAglNISLQ1iF7d6dp,100.00,5.50,,,94.50,usd,2025-06-30 09:50,2025-07-02 00:00,Description 873,100.00,usd,po_1RfsoFLpAglNISLQbo3PG6yD,2025-07-02 00:00,,Donor 2294,Donor 2295,Donor 2296,Donor 2297,Donor 2298,Donor 2299,Donor 2300,Donor 2301,Donor 2302,Donor 2303,Donor 2304,Donor 2305,Donor 2306,Donor 2307,Donor 2308,Donor 2309,Donor 2310,Donor 2311,Donor 2312,Donor 2313
txn_3RfeKzLpAglNISLQ1ph9Nxq9,charge,ch_3RfeKzLpAglNISLQ1F4WtNPM,522.24,22.23,,,500.01,usd,2025-06-30 09:49,2025-07-02 00:00,Description 874,522.24,usd,po_1RfsoFLpAglNISLQbo3PG6yD,2025-07-02 00:00,,Donor 2314,Donor 2315,Donor 2316,Donor 2317,Donor 2318,Donor 2319,Donor 2320,Donor 2321,Donor 2322,Donor 2323,Donor 2324,Donor 2325,Donor 2326,Donor 2327,Donor 2328,Donor 2329,Donor 2330,Donor 2331,Donor 2332,Donor 2333
txn_3RfeHmLpAglNISLQ1pZ7Z2sa,charge,ch_3RfeHmLpAglNISLQ1QjUf97P,250.00,13.75,,,236.25,usd,2025-06-30 09:46,2025-07-02 00:00,Description 875,250.00,usd,po_1RfsoFLpAglNISLQbo3PG6yD,2025-07-02 00:00,,Donor 2334,Donor 2335,Donor 2336,Donor 2337,Donor 2338,Donor 2339,Donor 2340,Donor 2341,Donor 2342,Donor 2343,Donor 2344,Donor 2345,Donor 2346,Donor 2347,Donor 2348,Donor 2349,Donor 2350,Donor 2351,Donor 2352,Donor 2353
txn_1RdLWjLpAglNISLQdtljNTk6,payout,po_1RdLWjLpAglNISLQrpTf4lgq,-50.47,0.00,,,-50.47,usd,2025-06-24 01:19,2025-06-25 00:00,STRIPE PAYOUT,,,po_1RdLWjLpAglNISLQrpTf4lgq,2025-06-25 00:00,,,,,,,,,,,,,,,,,,,,,
txn_3RdD5lLpAglNISLQ0OoTH2jw,charge,ch_3RdD5lLpAglNISLQ00r5WXXI,53.00,2.53,,,50.47,usd,2025-06-23 16:19,2025-06-25 00:00,Description 876,53.00,usd,po_1RdLWjLpAglNISLQrpTf4lgq,2025-06-25 00:00,,Donor 2354,Donor 2355,Donor 2356,Donor 2357,Donor 2358,Donor 2359,Donor 2360,Donor 2361,Donor 2362,Donor 2363,Donor 2364,Donor 2365,Donor 2366,Donor 2367,Donor 2368,Donor 2369,Donor 2370,Donor 2371,Donor 2372,Donor 2373
txn_1RccZgLpAglNISLQptadKRwW,payout,po_1RccZfLpAglNISLQ2falxJE5,-143.40,0.00,,,-143.40,usd,2025-06-22 01:19,2025-06-23 00:00,STRIPE PAYOUT,,,po_1RccZfLpAglNISLQ2falxJE5,2025-06-23 00:00,,,,,,,,,,,,,,,,,,,,,
txn_3RbOYVLpAglNISLQ1X966zhv,charge,ch_3RbOYVLpAglNISLQ1x5nDTgs,150.00,6.60,,,143.40,usd,2025-06-18 16:09,2025-06-23 00:00,Description 877,150.00,usd,po_1RccZfLpAglNISLQ2falxJE5,2025-06-23 00:00,,Donor 2374,Donor 2375,Donor 2376,Donor 2377,Donor 2378,Donor 2379,Donor 2380,Donor 2381,Donor 2382,Donor 2383,Donor 2384,Donor 2385,Donor 2386,Donor 2387,Donor 2388,Donor 2389,Donor 2390,Donor 2391,Donor 2392,Donor 2393
txn_1RaoD9LpAglNISLQyKqMiyvp,payout,po_1RaoD8LpAglNISLQoMNVtqah,-335.00,0.00,,,-335.00,usd,2025-06-17 01:21,2025-06-18 00:00,STRIPE PAYOUT,,,po_1RaoD8LpAglNISLQoMNVtqah,2025-06-18 00:00,,,,,,,,,,,,,,,,,,,,,
txn_3RaYR9LpAglNISLQ0O269N26,charge,ch_3RaYR9LpAglNISLQ0ZGEn3E4,350.00,15.00,,,335.00,usd,2025-06-16 08:30,2025-06-18 00:00,Description 878,350.00,usd,po_1RaoD8LpAglNISLQoMNVtqah,2025-06-18 00:00,,Donor 2394,Donor 2395,Donor 2396,Donor 2397,Donor 2398,Donor 2399,Donor 2400,Donor 2401,Donor 2402,Donor 2403,Donor 2404,Donor 2405,Donor 2406,Donor 2407,Donor 2408,Donor 2409,Donor 2410,Donor 2411,Donor 2412,Donor 2413
txn_1RXXeILpAglNISLQVcYMDJ8x,payout,po_1RXXeILpAglNISLQD2F7AbUV,-47.25,0.00,,,-47.25,usd,2025-06-08 01:03,2025-06-09 00:00,STRIPE PAYOUT,,,po_1RXXeILpAglNISLQD2F7AbUV,2025-06-09 00:00,,,,,,,,,,,,,,,,,,,,,
txn_3RWmtzLpAglNISLQ1WGPeFq3,charge,ch_3RWmtzLpAglNISLQ1JSExbfW,50.00,2.75,,,47.25,usd,2025-06-05 23:08,2025-06-09 00:00,Description 879,50.00,usd,po_1RXXeILpAglNISLQD2F7AbUV,2025-06-09 00:00,,Donor 2414,Donor 2415,Donor 2416,Donor 2417,Donor 2418,Donor 2419,Donor 2420,Donor 2421,Donor 2422,Donor 2423,Donor 2424,Donor 2425,Donor 2426,Donor 2427,Donor 2428,Donor 2429,Donor 2430,Donor 2431,Donor 2432,Donor 2433
txn_1RVMsILpAglNISLQs0vwtEET,payout,po_1RVMsILpAglNISLQT2ClOkST,-143.40,0.00,,,-143.40,usd,2025-06-02 01:09,2025-06-03 00:00,STRIPE PAYOUT,,,po_1RVMsILpAglNISLQT2ClOkST,2025-06-03 00:00,,,,,,,,,,,,,,,,,,,,,
txn_3RUVtyLpAglNISLQ0h11kHFl,charge,ch_3RUVtyLpAglNISLQ09A8vBUi,150.00,6.60,,,143.40,usd,2025-05-30 16:35,2025-06-03 00:00,Description 880,150.00,usd,po_1RVMsILpAglNISLQT2ClOkST,2025-06-03 00:00,,Donor 2434,Donor 2435,Donor 2436,Donor 2437,Donor 2438,Donor 2439,Donor 2440,Donor 2441,Donor 2442,Donor 2443,Donor 2444,Donor 2445,Donor 2446,Donor 2447,Donor 2448,Donor 2449,Donor 2450,Donor 2451,Donor 2452,Donor 2453
txn_1RTYbALpAglNISLQkQrJomw5,payout,po_1RTYbALpAglNISLQ6D2qrQXH,-98.95,0.00,,,-98.95,usd,2025-05-28 01:16,2025-05-29 00:00,STRIPE PAYOUT,,,po_1RTYbALpAglNISLQ6D2qrQXH,2025-05-29 00:00,,,,,,,,,,,,,,,,,,,,,
txn_1RTCAHLpAglNISLQsnghtoZl,payout,po_1RTCAHLpAglNISLQrC0ottcf,-50.47,0.00,,,-50.47,usd,2025-05-27 01:18,2025-05-28 00:00,STRIPE PAYOUT,,,po_1RTCAHLpAglNISLQrC0ottcf,2025-05-28 00:00,,,,,,,,,,,,,,,,,,,,,
txn_3RSvWELpAglNISLQ0Nf69zFh,charge,ch_3RSvWELpAglNISLQ0k7DLgML,104.70,5.75,,,98.95,usd,2025-05-26 07:32,2025-05-29 00:00,Description 881,104.70,usd,po_1RTYbALpAglNISLQ6D2qrQXH,2025-05-29 00:00,,Donor 2454,Donor 2455,Donor 2456,Donor 2457,Donor 2458,Donor 2459,Donor 2460,Donor 2461,Donor 2462,Donor 2463,Donor 2464,Donor 2465,Donor 2466,Donor 2467,Donor 2468,Donor 2469,Donor 2470,Donor 2471,Donor 2472,Donor 2473
txn_3RRyI9LpAglNISLQ1s4E6lrX,charge,ch_3RRyI9LpAglNISLQ1ZDFd5iG,53.00,2.53,,,50.47,usd,2025-05-23 16:17,2025-05-28 00:00,Description 882,53.00,usd,po_1RTCAHLpAglNISLQrC0ottcf,2025-05-28 00:00,,Donor 2474,Donor 2475,Donor 2476,Donor 2477,Donor 2478,Donor 2479,Donor 2480,Donor 2481,Donor 2482,Donor 2483,Donor 2484,Donor 2485,Donor 2486,Donor 2487,Donor 2488,Donor 2489,Donor 2490,Donor 2491,Donor 2492,Donor 2493
txn_1RQeeZLpAglNISLQeh5v31BX,payout,po_1RQeeYLpAglNISLQLT6n37Yx,-143.40,0.00,,,-143.40,usd,2025-05-20 01:07,2025-05-21 00:00,STRIPE PAYOUT,,,po_1RQeeYLpAglNISLQLT6n37Yx,2025-05-21 00:00,,,,,,,,,,,,,,,,,,,,,
txn_3RQ9kLLpAglNISLQ0piw7qp3,charge,ch_3RQ9kLLpAglNISLQ0muijMGT,150.00,6.60,,,143.40,usd,2025-05-18 16:07,2025-05-21 00:00,Description 883,150.00,usd,po_1RQeeYLpAglNISLQLT6n37Yx,2025-05-21 00:00,,Donor 2494,Donor 2495,Donor 2496,Donor 2497,Donor 2498,Donor 2499,Donor 2500,Donor 2501,Donor 2502,Donor 2503,Donor 2504,Donor 2505,Donor 2506,Donor 2507,Donor 2508,Donor 2509,Donor 2510,Donor 2511,Donor 2512,Donor 2513
txn_1RLa8VLpAglNISLQVl1BejJd,payout,po_1RLa8ULpAglNISLQE3HUK7Dq,-992.25,0.00,,,-992.25,usd,2025-05-06 01:17,2025-05-07 00:00,STRIPE PAYOUT,,,po_1RLa8ULpAglNISLQE3HUK7Dq,2025-05-07 00:00,,,,,,,,,,,,,,,,,,,,,
txn_1RKr42LpAglNISLQLhriJcte,payout,po_1RKr42LpAglNISLQbEs45m85,-49.62,0.00,,,-49.62,usd,2025-05-04 01:09,2025-05-05 00:00,STRIPE PAYOUT,,,po_1RKr42LpAglNISLQbEs45m85,2025-05-05 00:00,,,,,,,,,,,,,,,,,,,,,
txn_3RKhWILpAglNISLQ1f9fhbLY,charge,ch_3RKhWILpAglNISLQ12fZEFoX,1050.00,57.75,,,992.25,usd,2025-05-03 14:58,2025-05-07 00:00,Description 884,1050.00,usd,po_1RLa8ULpAglNISLQE3HUK7Dq,2025-05-07 00:00,,Donor 2514,Donor 2515,Donor 2516,Donor 2517,Donor 2518,Donor 2519,Donor 2520,Donor 2521,Donor 2522,Donor 2523,Donor 2524,Donor 2525,Donor 2526,Donor 2527,Donor 2528,Donor 2529,Donor 2530,Donor 2531,Donor 2532,Donor 2533
txn_3RJnRTLpAglNISLQ0JtLOt65,charge,ch_3RJnRTLpAglNISLQ0ao06qje,52.51,2.89,,,49.62,usd,2025-05-01 03:05,2025-05-05 00:00,Description 885,52.51,usd,po_1RKr42LpAglNISLQbEs45m85,2025-05-05 00:00,,Donor 2534,Donor 2535,Donor 2536,Donor 2537,Donor 2538,Donor 2539,Donor 2540,Donor 2541,Donor 2542,Donor 2543,Donor 2544,Donor 2545,Donor 2546,Donor 2547,Donor 2548,Donor 2549,Donor 2550,Donor 2551,Donor 2552,Donor 2553
txn_1RJlVALpAglNISLQeKroaCYG,payout,po_1RJlV9LpAglNISLQURJFBTo6,-143.40,0.00,,,-143.40,usd,2025-05-01 01:01,2025-05-02 00:00,STRIPE PAYOUT,,,po_1RJlV9LpAglNISLQURJFBTo6,2025-05-02 00:00,,,,,,,,,,,,,,,,,,,,,
txn_3RJdgMLpAglNISLQ17g11WLg,charge,ch_3RJdgMLpAglNISLQ1NnGUc4p,150.00,6.60,,,143.40,usd,2025-04-30 16:40,2025-05-02 00:00,Description 886,150.00,usd,po_1RJlV9LpAglNISLQURJFBTo6,2025-05-02 00:00,,Donor 2554,Donor 2555,Donor 2556,Donor 2557,Donor 2558,Donor 2559,Donor 2560,Donor 2561,Donor 2562,Donor 2563,Donor 2564,Donor 2565,Donor 2566,Donor 2567,Donor 2568,Donor 2569,Donor 2570,Donor 2571,Donor 2572,Donor 2573
txn_1RJPAiLpAglNISLQMsLEVQiN,payout,po_1RJPAhLpAglNISLQwlXjVZxN,-47.60,0.00,,,-47.60,usd,2025-04-30 01:10,2025-05-01 00:00,STRIPE PAYOUT,,,po_1RJPAhLpAglNISLQwlXjVZxN,2025-05-01 00:00,,,,,,,,,,,,,,,,,,,,,
txn_3RJJxdLpAglNISLQ0yEO51Su,charge,ch_3RJJxdLpAglNISLQ0OWZky3f,50.00,2.40,,,47.60,usd,2025-04-29 19:36,2025-05-01 00:00,Description 887,50.00,usd,po_1RJPAhLpAglNISLQwlXjVZxN,2025-05-01 00:00,,Donor 2574,Donor 2575,Donor 2576,Donor 2577,Donor 2578,Donor 2579,Donor 2580,Donor 2581,Donor 2582,Donor 2583,Donor 2584,Donor 2585,Donor 2586,Donor 2587,Donor 2588,Donor 2589,Donor 2590,Donor 2591,Donor 2592,Donor 2593
txn_1RJ2jhLpAglNISLQqKsVkNKv,payout,po_1RJ2jgLpAglNISLQuG0gjuhb,-1196.90,0.00,,,-1196.90,usd,2025-04-29 01:13,2025-04-30 00:00,STRIPE PAYOUT,,,po_1RJ2jgLpAglNISLQuG0gjuhb,2025-04-30 00:00,,,,,,,,,,,,,,,,,,,,,
txn_3RItYdLpAglNISLQ1QVG4t9V,charge,ch_3RItYdLpAglNISLQ1xF7lQ7L,250.00,10.80,,,239.20,usd,2025-04-28 15:25,2025-04-30 00:00,Description 888,250.00,usd,po_1RJ2jgLpAglNISLQuG0gjuhb,2025-04-30 00:00,,Donor 2594,Donor 2595,Donor 2596,Donor 2597,Donor 2598,Donor 2599,Donor 2600,Donor 2601,Donor 2602,Donor 2603,Donor 2604,Donor 2605,Donor 2606,Donor 2607,Donor 2608,Donor 2609,Donor 2610,Donor 2611,Donor 2612,Donor 2613
txn_1RIJgHLpAglNISLQGp7vjlPk,payout,po_1RIJgGLpAglNISLQYeIi0PTD,-287.10,0.00,,,-287.10,usd,2025-04-27 01:06,2025-04-28 00:00,STRIPE PAYOUT,,,po_1RIJgGLpAglNISLQYeIi0PTD,2025-04-28 00:00,,,,,,,,,,,,,,,,,,,,,
txn_3RIHBTLpAglNISLQ1bAJnWjk,charge,ch_3RIHBTLpAglNISLQ1pkdcjgT,1000.00,42.30,,,957.70,usd,2025-04-26 22:26,2025-04-30 00:00,Description 889,1000.00,usd,po_1RJ2jgLpAglNISLQuG0gjuhb,2025-04-30 00:00,,Donor 2614,Donor 2615,Donor 2616,Donor 2617,Donor 2618,Donor 2619,Donor 2620,Donor 2621,Donor 2622,Donor 2623,Donor 2624,Donor 2625,Donor 2626,Donor 2627,Donor 2628,Donor 2629,Donor 2630,Donor 2631,Donor 2632,Donor 2633
txn_3RHUT2LpAglNISLQ1NzfWN1P,charge,ch_3RHUT2LpAglNISLQ1FoBGiUR,300.00,12.90,,,287.10,usd,2025-04-24 18:25,2025-04-28 00:00,Description 890,300.00,usd,po_1RIJgGLpAglNISLQYeIi0PTD,2025-04-28 00:00,,Donor 2634,Donor 2635,Donor 2636,Donor 2637,Donor 2638,Donor 2639,Donor 2640,Donor 2641,Donor 2642,Donor 2643,Donor 2644,Donor 2645,Donor 2646,Donor 2647,Donor 2648,Donor 2649,Donor 2650,Donor 2651,Donor 2652,Donor 2653
txn_1RHEBULpAglNISLQztfqvteX,payout,po_1RHEBTLpAglNISLQjrryhJRl,-50.47,0.00,,,-50.47,usd,2025-04-24 01:02,2025-04-25 00:00,STRIPE PAYOUT,,,po_1RHEBTLpAglNISLQjrryhJRl,2025-04-25 00:00,,,,,,,,,,,,,,,,,,,,,
txn_3RH61wLpAglNISLQ1lmHX0Ho,charge,ch_3RH61wLpAglNISLQ1Y3dxwq3,53.00,2.53,,,50.47,usd,2025-04-23 16:20,2025-04-25 00:00,Description 891,53.00,usd,po_1RHEBTLpAglNISLQjrryhJRl,2025-04-25 00:00,,Donor 2654,Donor 2655,Donor 2656,Donor 2657,Donor 2658,Donor 2659,Donor 2660,Donor 2661,Donor 2662,Donor 2663,Donor 2664,Donor 2665,Donor 2666,Donor 2667,Donor 2668,Donor 2669,Donor 2670,Donor 2671,Donor 2672,Donor 2673
txn_1RG8l0LpAglNISLQnj6Y9Jk2,payout,po_1RG8kzLpAglNISLQCMZkuCfX,-143.40,0.00,,,-143.40,usd,2025-04-21 01:02,2025-04-22 00:00,STRIPE PAYOUT,,,po_1RG8kzLpAglNISLQCMZkuCfX,2025-04-22 00:00,,,,,,,,,,,,,,,,,,,,,
txn_1RFmPqLpAglNISLQxZRE0bae,payout,po_1RFmPqLpAglNISLQOph6BDFV,-191.30,0.00,,,-191.30,usd,2025-04-20 01:11,2025-04-21 00:00,STRIPE PAYOUT,,,po_1RFmPqLpAglNISLQOph6BDFV,2025-04-21 00:00,,,,,,,,,,,,,,,,,,,,,
txn_3RFHYGLpAglNISLQ0QaXEOxZ,charge,ch_3RFHYGLpAglNISLQ0BYOQTkT,150.00,6.60,,,143.40,usd,2025-04-18 16:14,2025-04-22 00:00,Description 892,150.00,usd,po_1RG8kzLpAglNISLQCMZkuCfX,2025-04-22 00:00,,Donor 2674,Donor 2675,Donor 2676,Donor 2677,Donor 2678,Donor 2679,Donor 2680,Donor 2681,Donor 2682,Donor 2683,Donor 2684,Donor 2685,Donor 2686,Donor 2687,Donor 2688,Donor 2689,Donor 2690,Donor 2691,Donor 2692,Donor 2693
txn_3REgyMLpAglNISLQ0JjNrEYm,charge,ch_3REgyMLpAglNISLQ0mMGrv4i,200.00,8.70,,,191.30,usd,2025-04-17 01:10,2025-04-21 00:00,Description 893,200.00,usd,po_1RFmPqLpAglNISLQOph6BDFV,2025-04-21 00:00,,Donor 2694,Donor 2695,Donor 2696,Donor 2697,Donor 2698,Donor 2699,Donor 2700,Donor 2701,Donor 2702,Donor 2703,Donor 2704,Donor 2705,Donor 2706,Donor 2707,Donor 2708,Donor 2709,Donor 2710,Donor 2711,Donor 2712,Donor 2713
txn_1RC9TwLpAglNISLQWhmBVkXe,payout,po_1RC9TvLpAglNISLQ9wpeqSWC,-1000.00,0.00,,,-1000.00,usd,2025-04-10 01:00,2025-04-11 00:00,STRIPE PAYOUT,,,po_1RC9TvLpAglNISLQ9wpeqSWC,2025-04-11 00:00,,,,,,,,,,,,,,,,,,,,,
txn_3RC68vLpAglNISLQ0WGwC7i2,charge,ch_3RC68vLpAglNISLQ00pf7sXX,1044.15,44.15,,,1000.00,usd,2025-04-09 21:26,2025-04-11 00:00,Description 894,1044.15,usd,po_1RC9TvLpAglNISLQ9wpeqSWC,2025-04-11 00:00,,Donor 2714,Donor 2715,Donor 2716,Donor 2717,Donor 2718,Donor 2719,Donor 2720,Donor 2721,Donor 2722,Donor 2723,Donor 2724,Donor 2725,Donor 2726,Donor 2727,Donor 2728,Donor 2729,Donor 2730,Donor 2731,Donor 2732,Donor 2733
txn_1RAhawLpAglNISLQ4n3lgxWA,payout,po_1RAhavLpAglNISLQEFXo8hVl,-47.10,0.00,,,-47.10,usd,2025-04-06 01:01,2025-04-07 00:00,STRIPE PAYOUT,,,po_1RAhavLpAglNISLQEFXo8hVl,2025-04-07 00:00,,,,,,,,,,,,,,,,,,,,,
txn_3R9hkYLpAglNISLQ1hs5T6ry,charge,ch_3R9hkYLpAglNISLQ1fsNbIlK,50.00,2.90,,,47.10,usd,2025-04-03 06:59,2025-04-07 00:00,Description 895,50.00,usd,po_1RAhavLpAglNISLQEFXo8hVl,2025-04-07 00:00,,Donor 2734,Donor 2735,Donor 2736,Donor 2737,Donor 2738,Donor 2739,Donor 2740,Donor 2741,Donor 2742,Donor 2743,Donor 2744,Donor 2745,Donor 2746,Donor 2747,Donor 2748,Donor 2749,Donor 2750,Donor 2751,Donor 2752,Donor 2753
txn_1R8tCxLpAglNISLQXTJIh3nE,payout,po_1R8tCxLpAglNISLQ1BUknsHn,-143.78,0.00,,,-143.78,usd,2025-04-01 01:01,2025-04-02 00:00,STRIPE PAYOUT,,,po_1R8tCxLpAglNISLQ1BUknsHn,2025-04-02 00:00,,,,,,,,,,,,,,,,,,,,,
txn_3R8OqbLpAglNISLQ0mdzX9AA,charge,ch_3R8OqbLpAglNISLQ0qVkda9K,150.00,6.22,,,143.78,usd,2025-03-30 16:36,2025-04-02 00:00,Description 896,150.00,usd,po_1R8tCxLpAglNISLQ1BUknsHn,2025-04-02 00:00,,Donor 2754,Donor 2755,Donor 2756,Donor 2757,Donor 2758,Donor 2759,Donor 2760,Donor 2761,Donor 2762,Donor 2763,Donor 2764,Donor 2765,Donor 2766,Donor 2767,Donor 2768,Donor 2769,Donor 2770,Donor 2771,Donor 2772,Donor 2773
txn_1R6M0ZLpAglNISLQBoOrCNGI,payout,po_1R6M0YLpAglNISLQMpXYVWWu,-450.60,0.00,,,-450.60,usd,2025-03-25 01:10,2025-03-26 00:00,STRIPE PAYOUT,,,po_1R6M0YLpAglNISLQMpXYVWWu,2025-03-26 00:00,,,,,,,,,,,,,,,,,,,,,
txn_1R5zPgLpAglNISLQs4v7f1Bu,payout,po_1R5zPgLpAglNISLQFkX4x1Dk,-590.20,0.00,,,-590.20,usd,2025-03-24 01:02,2025-03-25 00:00,STRIPE PAYOUT,,,po_1R5zPgLpAglNISLQFkX4x1Dk,2025-03-25 00:00,,,,,,,,,,,,,,,,,,,,,
txn_3R5yxXLpAglNISLQ1rzMAeCB,charge,ch_3R5yxXLpAglNISLQ1txbaFVG,416.76,16.76,,,400.00,usd,2025-03-24 00:33,2025-03-26 00:00,Description 897,416.76,usd,po_1R6M0YLpAglNISLQMpXYVWWu,2025-03-26 00:00,,Donor 2774,Donor 2775,Donor 2776,Donor 2777,Donor 2778,Donor 2779,Donor 2780,Donor 2781,Donor 2782,Donor 2783,Donor 2784,Donor 2785,Donor 2786,Donor 2787,Donor 2788,Donor 2789,Donor 2790,Donor 2791,Donor 2792,Donor 2793
txn_3R5rAQLpAglNISLQ1ZLx1lWb,charge,ch_3R5rAQLpAglNISLQ1F5nwWT7,53.00,2.40,,,50.60,usd,2025-03-23 16:14,2025-03-26 00:00,Description 898,53.00,usd,po_1R6M0YLpAglNISLQMpXYVWWu,2025-03-26 00:00,,Donor 2794,Donor 2795,Donor 2796,Donor 2797,Donor 2798,Donor 2799,Donor 2800,Donor 2801,Donor 2802,Donor 2803,Donor 2804,Donor 2805,Donor 2806,Donor 2807,Donor 2808,Donor 2809,Donor 2810,Donor 2811,Donor 2812,Donor 2813
txn_3R5Ej6LpAglNISLQ1Shx3ILn,charge,ch_3R5Ej6LpAglNISLQ1ne5GJ6M,26.34,1.34,,,25.00,usd,2025-03-21 23:11,2025-03-25 00:00,Description 899,26.34,usd,po_1R5zPgLpAglNISLQFkX4x1Dk,2025-03-25 00:00,,Donor 2814,Donor 2815,Donor 2816,Donor 2817,Donor 2818,Donor 2819,Donor 2820,Donor 2821,Donor 2822,Donor 2823,Donor 2824,Donor 2825,Donor 2826,Donor 2827,Donor 2828,Donor 2829,Donor 2830,Donor 2831,Donor 2832,Donor 2833
txn_3R5A8HLpAglNISLQ0PxtxwB7,charge,ch_3R5A8HLpAglNISLQ0JVcx86l,100.00,4.25,,,95.75,usd,2025-03-21 18:17,2025-03-25 00:00,Description 900,100.00,usd,po_1R5zPgLpAglNISLQFkX4x1Dk,2025-03-25 00:00,,Donor 2834,Donor 2835,Donor 2836,Donor 2837,Donor 2838,Donor 2839,Donor 2840,Donor 2841,Donor 2842,Donor 2843,Donor 2844,Donor 2845,Donor 2846,Donor 2847,Donor 2848,Donor 2849,Donor 2850,Donor 2851,Donor 2852,Donor 2853
txn_3R5A6sLpAglNISLQ0yFndtdp,charge,ch_3R5A6sLpAglNISLQ0qwfsE7x,25.00,1.29,,,23.71,usd,2025-03-21 18:15,2025-03-25 00:00,Description 901,25.00,usd,po_1R5zPgLpAglNISLQFkX4x1Dk,2025-03-25 00:00,,Donor 2854,Donor 2855,Donor 2856,Donor 2857,Donor 2858,Donor 2859,Donor 2860,Donor 2861,Donor 2862,Donor 2863,Donor 2864,Donor 2865,Donor 2866,Donor 2867,Donor 2868,Donor 2869,Donor 2870,Donor 2871,Donor 2872,Donor 2873
txn_3R59pvLpAglNISLQ1WpKjf50,charge,ch_3R59pvLpAglNISLQ19icb5Pa,260.59,10.59,,,250.00,usd,2025-03-21 17:58,2025-03-25 00:00,Description 902,260.59,usd,po_1R5zPgLpAglNISLQFkX4x1Dk,2025-03-25 00:00,,Donor 2874,Donor 2875,Donor 2876,Donor 2877,Donor 2878,Donor 2879,Donor 2880,Donor 2881,Donor 2882,Donor 2883,Donor 2884,Donor 2885,Donor 2886,Donor 2887,Donor 2888,Donor 2889,Donor 2890,Donor 2891,Donor 2892,Donor 2893
txn_3R59cNLpAglNISLQ0Ncdydui,charge,ch_3R59cNLpAglNISLQ0kBvdzOp,104.42,4.43,,,99.99,usd,2025-03-21 17:44,2025-03-25 00:00,Description 903,104.42,usd,po_1R5zPgLpAglNISLQFkX4x1Dk,2025-03-25 00:00,,Donor 2894,Donor 2895,Donor 2896,Donor 2897,Donor 2898,Donor 2899,Donor 2900,Donor 2901,Donor 2902,Donor 2903,Donor 2904,Donor 2905,Donor 2906,Donor 2907,Donor 2908,Donor 2909,Donor 2910,Donor 2911,Donor 2912,Donor 2913
txn_3R59PyLpAglNISLQ0hVBBUbr,charge,ch_3R59PyLpAglNISLQ0O0radVx,100.00,4.25,,,95.75,usd,2025-03-21 17:31,2025-03-25 00:00,Description 904,100.00,usd,po_1R5zPgLpAglNISLQFkX4x1Dk,2025-03-25 00:00,,Donor 2914,Donor 2915,Donor 2916,Donor 2917,Donor 2918,Donor 2919,Donor 2920,Donor 2921,Donor 2922,Donor 2923,Donor 2924,Donor 2925,Donor 2926,Donor 2927,Donor 2928,Donor 2929,Donor 2930,Donor 2931,Donor 2932,Donor 2933
txn_1R4B3RLpAglNISLQW06hYhMW,payout,po_1R4B3QLpAglNISLQ7LNrmipr,-143.78,0.00,,,-143.78,usd,2025-03-19 01:04,2025-03-20 00:00,STRIPE PAYOUT,,,po_1R4B3QLpAglNISLQ7LNrmipr,2025-03-20 00:00,,,,,,,,,,,,,,,,,,,,,
txn_3R42kOLpAglNISLQ1RTTVibC,charge,ch_3R42kOLpAglNISLQ1evACucD,150.00,6.22,,,143.78,usd,2025-03-18 16:12,2025-03-20 00:00,Description 905,150.00,usd,po_1R4B3QLpAglNISLQ7LNrmipr,2025-03-20 00:00,,Donor 2934,Donor 2935,Donor 2936,Donor 2937,Donor 2938,Donor 2939,Donor 2940,Donor 2941,Donor 2942,Donor 2943,Donor 2944,Donor 2945,Donor 2946,Donor 2947,Donor 2948,Donor 2949,Donor 2950,Donor 2951,Donor 2952,Donor 2953
txn_1QyNcULpAglNISLQtjU6yzXH,payout,po_1QyNcULpAglNISLQNsjg5n29,-143.78,0.00,,,-143.78,usd,2025-03-03 01:16,2025-03-04 00:00,STRIPE PAYOUT,,,po_1QyNcULpAglNISLQNsjg5n29,2025-03-04 00:00,,,,,,,,,,,,,,,,,,,,,
txn_3QxYDrLpAglNISLQ0ZIAjyRn,charge,ch_3QxYDrLpAglNISLQ0jcEDk4C,150.00,6.22,,,143.78,usd,2025-02-28 18:23,2025-03-04 00:00,Description 906,150.00,usd,po_1QyNcULpAglNISLQNsjg5n29,2025-03-04 00:00,,Donor 2954,Donor 2955,Donor 2956,Donor 2957,Donor 2958,Donor 2959,Donor 2960,Donor 2961,Donor 2962,Donor 2963,Donor 2964,Donor 2965,Donor 2966,Donor 2967,Donor 2968,Donor 2969,Donor 2970,Donor 2971,Donor 2972,Donor 2973
txn_1QwCg0LpAglNISLQHErOD5a9,payout,po_1QwCfzLpAglNISLQrESZ8HvZ,-50.60,0.00,,,-50.60,usd,2025-02-25 01:11,2025-02-26 00:00,STRIPE PAYOUT,,,po_1QwCfzLpAglNISLQrESZ8HvZ,2025-02-26 00:00,,,,,,,,,,,,,,,,,,,,,
txn_3Qvi6iLpAglNISLQ1P0JyaV4,charge,ch_3Qvi6iLpAglNISLQ138Cf1R8,53.00,2.40,,,50.60,usd,2025-02-23 16:32,2025-02-26 00:00,Description 907,53.00,usd,po_1QwCfzLpAglNISLQrESZ8HvZ,2025-02-26 00:00,,Donor 2974,Donor 2975,Donor 2976,Donor 2977,Donor 2978,Donor 2979,Donor 2980,Donor 2981,Donor 2982,Donor 2983,Donor 2984,Donor 2985,Donor 2986,Donor 2987,Donor 2988,Donor 2989,Donor 2990,Donor 2991,Donor 2992,Donor 2993
txn_1Qu1k4LpAglNISLQXGejlamL,payout,po_1Qu1k3LpAglNISLQaYR8eqGp,-143.78,0.00,,,-143.78,usd,2025-02-19 01:06,2025-02-20 00:00,STRIPE PAYOUT,,,po_1Qu1k3LpAglNISLQaYR8eqGp,2025-02-20 00:00,,,,,,,,,,,,,,,,,,,,,
txn_3QttTFLpAglNISLQ01nn77VJ,charge,ch_3QttTFLpAglNISLQ0CvTvRbI,150.00,6.22,,,143.78,usd,2025-02-18 16:16,2025-02-20 00:00,Description 908,150.00,usd,po_1Qu1k3LpAglNISLQaYR8eqGp,2025-02-20 00:00,,Donor 2994,Donor 2995,Donor 2996,Donor 2997,Donor 2998,Donor 2999,Donor 3000,Donor 3001,Donor 3002,Donor 3003,Donor 3004,Donor 3005,Donor 3006,Donor 3007,Donor 3008,Donor 3009,Donor 3010,Donor 3011,Donor 3012,Donor 3013
txn_1QnrgdLpAglNISLQaqX3BP96,payout,po_1QnrgdLpAglNISLQdCDz5r2f,-143.78,0.00,,,-143.78,usd,2025-02-02 01:09,2025-02-03 00:00,STRIPE PAYOUT,,,po_1QnrgdLpAglNISLQdCDz5r2f,2025-02-03 00:00,,,,,,,,,,,,,,,,,,,,,
txn_3Qn0kVLpAglNISLQ0d1bXUcZ,charge,ch_3Qn0kVLpAglNISLQ0k83qRg2,150.00,6.22,,,143.78,usd,2025-01-30 16:37,2025-02-03 00:00,Description 909,150.00,usd,po_1QnrgdLpAglNISLQdCDz5r2f,2025-02-03 00:00,,Donor 3014,Donor 3015,Donor 3016,Donor 3017,Donor 3018,Donor 3019,Donor 3020,Donor 3021,Donor 3022,Donor 3023,Donor 3024,Donor 3025,Donor 3026,Donor 3027,Donor 3028,Donor 3029,Donor 3030,Donor 3031,Donor 3032,Donor 3033
txn_1QmPk9LpAglNISLQk9BT7FYm,payout,po_1QmPk9LpAglNISLQu86owCLE,-310.00,0.00,,,-310.00,usd,2025-01-29 01:07,2025-01-30 00:00,STRIPE PAYOUT,,,po_1QmPk9LpAglNISLQu86owCLE,2025-01-30 00:00,,,,,,,,,,,,,,,,,,,,,
txn_1QlKYVLpAglNISLQgFvzfOLa,payout,po_1QlKYULpAglNISLQUnIbKNqp,-50.60,0.00,,,-50.60,usd,2025-01-26 01:22,2025-01-27 00:00,STRIPE PAYOUT,,,po_1QlKYULpAglNISLQUnIbKNqp,2025-01-27 00:00,,,,,,,,,,,,,,,,,,,,,
txn_3QkTIvLpAglNISLQ0gOUISEp,charge,ch_3QkTIvLpAglNISLQ0ChVJ4Dn,53.00,2.40,,,50.60,usd,2025-01-23 16:30,2025-01-27 00:00,Description 910,53.00,usd,po_1QlKYULpAglNISLQUnIbKNqp,2025-01-27 00:00,,Donor 3034,Donor 3035,Donor 3036,Donor 3037,Donor 3038,Donor 3039,Donor 3040,Donor 3041,Donor 3042,Donor 3043,Donor 3044,Donor 3045,Donor 3046,Donor 3047,Donor 3048,Donor 3049,Donor 3050,Donor 3051,Donor 3052,Donor 3053
txn_1Qk2tNLpAglNISLQIc3JrvPo,payment,py_1Qk2tMLpAglNISLQf5hKMn8g,318.11,8.11,,,310.00,usd,2025-01-22 12:18,2025-01-30 00:00,Description 911,318.11,usd,po_1QmPk9LpAglNISLQu86owCLE,2025-01-30 00:00,,Donor 3054,Donor 3055,Donor 3056,Donor 3057,Donor 3058,Donor 3059,Donor 3060,Donor 3061,Donor 3062,Donor 3063,Donor 3064,Donor 3065,Donor 3066,Donor 3067,Donor 3068,Donor 3069,Donor 3070,Donor 3071,Donor 3072,Donor 3073
txn_1QjsXFLpAglNISLQUyjiiD9w,payout,po_1QjsXFLpAglNISLQjHnWhWYa,-143.78,0.00,,,-143.78,usd,2025-01-22 01:15,2025-01-23 00:00,STRIPE PAYOUT,,,po_1QjsXFLpAglNISLQjHnWhWYa,2025-01-23 00:00,,,,,,,,,,,,,,,,,,,,,
txn_1QjWCMLpAglNISLQLhExC23l,payout,po_1QjWCMLpAglNISLQDLrAB3Tv,-24.96,0.00,,,-24.96,usd,2025-01-21 01:24,2025-01-22 00:00,STRIPE PAYOUT,,,po_1QjWCMLpAglNISLQDLrAB3Tv,2025-01-22 00:00,,,,,,,,,,,,,,,,,,,,,
txn_3QieeULpAglNISLQ0M8WXfpF,charge,ch_3QieeULpAglNISLQ0MaWk04e,150.00,6.22,,,143.78,usd,2025-01-18 16:13,2025-01-23 00:00,Description 912,150.00,usd,po_1QjsXFLpAglNISLQjHnWhWYa,2025-01-23 00:00,,Donor 3074,Donor 3075,Donor 3076,Donor 3077,Donor 3078,Donor 3079,Donor 3080,Donor 3081,Donor 3082,Donor 3083,Donor 3084,Donor 3085,Donor 3086,Donor 3087,Donor 3088,Donor 3089,Donor 3090,Donor 3091,Donor 3092,Donor 3093
txn_3QiKV2LpAglNISLQ0gx9WWIf,charge,ch_3QiKV2LpAglNISLQ00wPuSZD,26.34,1.38,,,24.96,usd,2025-01-17 18:42,2025-01-22 00:00,Description 913,26.34,usd,po_1QjWCMLpAglNISLQDLrAB3Tv,2025-01-22 00:00,,Donor 3094,Donor 3095,Donor 3096,Donor 3097,Donor 3098,Donor 3099,Donor 3100,Donor 3101,Donor 3102,Donor 3103,Donor 3104,Donor 3105,Donor 3106,Donor 3107,Donor 3108,Donor 3109,Donor 3110,Donor 3111,Donor 3112,Donor 3113
txn_1QfA8KLpAglNISLQgnPJ6v7e,payout,po_1QfA8KLpAglNISLQl7WyVNSK,-99.99,0.00,,,-99.99,usd,2025-01-09 01:02,2025-01-10 00:00,STRIPE PAYOUT,,,po_1QfA8KLpAglNISLQl7WyVNSK,2025-01-10 00:00,,,,,,,,,,,,,,,,,,,,,
txn_3Qf4lOLpAglNISLQ1KlI6xCc,charge,ch_3Qf4lOLpAglNISLQ1GRqEfmx,104.42,4.43,,,99.99,usd,2025-01-08 19:17,2025-01-10 00:00,Description 914,104.42,usd,po_1QfA8KLpAglNISLQl7WyVNSK,2025-01-10 00:00,,Donor 3114,Donor 3115,Donor 3116,Donor 3117,Donor 3118,Donor 3119,Donor 3120,Donor 3121,Donor 3122,Donor 3123,Donor 3124,Donor 3125,Donor 3126,Donor 3127,Donor 3128,Donor 3129,Donor 3130,Donor 3131,Donor 3132,Donor 3133
txn_1QdiTTLpAglNISLQBAs7Se5Y,payout,po_1QdiTSLpAglNISLQWeA4nmVF,-97.72,0.00,,,-97.72,usd,2025-01-05 01:17,2025-01-06 00:00,STRIPE PAYOUT,,,po_1QdiTSLpAglNISLQWeA4nmVF,2025-01-06 00:00,,,,,,,,,,,,,,,,,,,,,
txn_3QctVtLpAglNISLQ19CErFLN,charge,ch_3QctVtLpAglNISLQ1iqp8Sgv,52.37,2.37,,,50.00,usd,2025-01-02 18:52,2025-01-06 00:00,Description 915,52.37,usd,po_1QdiTSLpAglNISLQWeA4nmVF,2025-01-06 00:00,,Donor 3134,Donor 3135,Donor 3136,Donor 3137,Donor 3138,Donor 3139,Donor 3140,Donor 3141,Donor 3142,Donor 3143,Donor 3144,Donor 3145,Donor 3146,Donor 3147,Donor 3148,Donor 3149,Donor 3150,Donor 3151,Donor 3152,Donor 3153
txn_1QccsCLpAglNISLQcY08lSq7,payout,po_1QccsBLpAglNISLQ66p9GC1r,-1207.11,0.00,,,-1207.11,usd,2025-01-02 01:06,2025-01-03 00:00,STRIPE PAYOUT,,,po_1QccsBLpAglNISLQ66p9GC1r,2025-01-03 00:00,,,,,,,,,,,,,,,,,,,,,
txn_1QcGaOLpAglNISLQj3oWDZLq,payout,po_1QcGaOLpAglNISLQxLDpWSJW,-158.78,0.00,,,-158.78,usd,2025-01-01 01:19,2025-01-02 00:00,STRIPE PAYOUT,,,po_1QcGaOLpAglNISLQxLDpWSJW,2025-01-02 00:00,,,,,,,,,,,,,,,,,,,,,
txn_3QcGZdLpAglNISLQ1djxgOmV,charge,ch_3QcGZdLpAglNISLQ12R2UkKt,50.00,2.28,,,47.72,usd,2025-01-01 01:18,2025-01-06 00:00,Description 916,50.00,usd,po_1QdiTSLpAglNISLQWeA4nmVF,2025-01-06 00:00,,Donor 3154,Donor 3155,Donor 3156,Donor 3157,Donor 3158,Donor 3159,Donor 3160,Donor 3161,Donor 3162,Donor 3163,Donor 3164,Donor 3165,Donor 3166,Donor 3167,Donor 3168,Donor 3169,Donor 3170,Donor 3171,Donor 3172,Donor 3173
txn_3QbxhOLpAglNISLQ1nPv4nMj,charge,ch_3QbxhOLpAglNISLQ1pWdXAYe,260.59,13.68,,,246.91,usd,2024-12-31 05:08,2025-01-03 00:00,Description 917,260.59,usd,po_1QccsBLpAglNISLQ66p9GC1r,2025-01-03 00:00,,Donor 3174,Donor 3175,Donor 3176,Donor 3177,Donor 3178,Donor 3179,Donor 3180,Donor 3181,Donor 3182,Donor 3183,Donor 3184,Donor 3185,Donor 3186,Donor 3187,Donor 3188,Donor 3189,Donor 3190,Donor 3191,Donor 3192,Donor 3193
txn_3QbwfPLpAglNISLQ09Z2WPCg,charge,ch_3QbwfPLpAglNISLQ0IVXRDE9,1000.00,39.80,,,960.20,usd,2024-12-31 04:02,2025-01-03 00:00,Description 918,1000.00,usd,po_1QccsBLpAglNISLQ66p9GC1r,2025-01-03 00:00,,Donor 3194,Donor 3195,Donor 3196,Donor 3197,Donor 3198,Donor 3199,Donor 3200,Donor 3201,Donor 3202,Donor 3203,Donor 3204,Donor 3205,Donor 3206,Donor 3207,Donor 3208,Donor 3209,Donor 3210,Donor 3211,Donor 3212,Donor 3213
txn_3Qbm4CLpAglNISLQ0S7XgGqc,charge,ch_3Qbm4CLpAglNISLQ0h7RSTmh,150.00,6.22,,,143.78,usd,2024-12-30 16:43,2025-01-02 00:00,Description 919,150.00,usd,po_1QcGaOLpAglNISLQxLDpWSJW,2025-01-02 00:00,,Donor 3214,Donor 3215,Donor 3216,Donor 3217,Donor 3218,Donor 3219,Donor 3220,Donor 3221,Donor 3222,Donor 3223,Donor 3224,Donor 3225,Donor 3226,Donor 3227,Donor 3228,Donor 3229,Donor 3230,Donor 3231,Donor 3232,Donor 3233
txn_1QbXVULpAglNISLQgQOyoqNi,payout,po_1QbXVULpAglNISLQYkyJionK,-150.00,0.00,,,-150.00,usd,2024-12-30 01:10,2024-12-31 00:00,STRIPE PAYOUT,,,po_1QbXVULpAglNISLQYkyJionK,2024-12-31 00:00,,,,,,,,,,,,,,,,,,,,,
txn_1QbAxWLpAglNISLQRlCVAZCB,payout,po_1QbAxWLpAglNISLQaqsxxP7n,-337.85,0.00,,,-337.85,usd,2024-12-29 01:06,2024-12-30 00:00,STRIPE PAYOUT,,,po_1QbAxWLpAglNISLQaqsxxP7n,2024-12-30 00:00,,,,,,,,,,,,,,,,,,,,,
txn_3Qb5x4LpAglNISLQ0Fbfj7NB,charge,ch_3Qb5x4LpAglNISLQ0SKTUMSE,15.93,0.93,,,15.00,usd,2024-12-28 19:45,2025-01-02 00:00,Description 920,15.93,usd,po_1QcGaOLpAglNISLQxLDpWSJW,2025-01-02 00:00,,Donor 3234,Donor 3235,Donor 3236,Donor 3237,Donor 3238,Donor 3239,Donor 3240,Donor 3241,Donor 3242,Donor 3243,Donor 3244,Donor 3245,Donor 3246,Donor 3247,Donor 3248,Donor 3249,Donor 3250,Donor 3251,Donor 3252,Donor 3253
txn_3Qah49LpAglNISLQ0q5q1G6u,charge,ch_3Qah49LpAglNISLQ0VfZHFDC,156.48,6.48,,,150.00,usd,2024-12-27 17:11,2024-12-31 00:00,Description 921,156.48,usd,po_1QbXVULpAglNISLQYkyJionK,2024-12-31 00:00,,Donor 3254,Donor 3255,Donor 3256,Donor 3257,Donor 3258,Donor 3259,Donor 3260,Donor 3261,Donor 3262,Donor 3263,Donor 3264,Donor 3265,Donor 3266,Donor 3267,Donor 3268,Donor 3269,Donor 3270,Donor 3271,Donor 3272,Donor 3273
txn_3QZm2nLpAglNISLQ0WPBdpzu,charge,ch_3QZm2nLpAglNISLQ0e5lyiXx,300.00,12.15,,,287.85,usd,2024-12-25 04:18,2024-12-30 00:00,Description 922,300.00,usd,po_1QbAxWLpAglNISLQaqsxxP7n,2024-12-30 00:00,,Donor 3274,Donor 3275,Donor 3276,Donor 3277,Donor 3278,Donor 3279,Donor 3280,Donor 3281,Donor 3282,Donor 3283,Donor 3284,Donor 3285,Donor 3286,Donor 3287,Donor 3288,Donor 3289,Donor 3290,Donor 3291,Donor 3292,Donor 3293
txn_1QZjJULpAglNISLQBNpOMeV0,payout,po_1QZjJTLpAglNISLQ76FGDtY6,-100.60,0.00,,,-100.60,usd,2024-12-25 01:23,2024-12-26 00:00,STRIPE PAYOUT,,,po_1QZjJTLpAglNISLQ76FGDtY6,2024-12-26 00:00,,,,,,,,,,,,,,,,,,,,,
txn_3QZinLLpAglNISLQ1Epa3uqn,charge,ch_3QZinLLpAglNISLQ13sYBWcS,52.37,2.37,,,50.00,usd,2024-12-25 00:49,2024-12-30 00:00,Description 923,52.37,usd,po_1QbAxWLpAglNISLQaqsxxP7n,2024-12-30 00:00,,Donor 3294,Donor 3295,Donor 3296,Donor 3297,Donor 3298,Donor 3299,Donor 3300,Donor 3301,Donor 3302,Donor 3303,Donor 3304,Donor 3305,Donor 3306,Donor 3307,Donor 3308,Donor 3309,Donor 3310,Donor 3311,Donor 3312,Donor 3313
txn_3QZHD0LpAglNISLQ0ZqtPh0d,charge,ch_3QZHD0LpAglNISLQ0ZeR2rCq,52.37,2.37,,,50.00,usd,2024-12-23 19:22,2024-12-26 00:00,Description 924,52.37,usd,po_1QZjJTLpAglNISLQ76FGDtY6,2024-12-26 00:00,,Donor 3314,Donor 3315,Donor 3316,Donor 3317,Donor 3318,Donor 3319,Donor 3320,Donor 3321,Donor 3322,Donor 3323,Donor 3324,Donor 3325,Donor 3326,Donor 3327,Donor 3328,Donor 3329,Donor 3330,Donor 3331,Donor 3332,Donor 3333
txn_3QZEbILpAglNISLQ1YyoxrUt,charge,ch_3QZEbILpAglNISLQ1D21cqt4,53.00,2.40,,,50.60,usd,2024-12-23 16:35,2024-12-26 00:00,Description 925,53.00,usd,po_1QZjJTLpAglNISLQ76FGDtY6,2024-12-26 00:00,,Donor 3334,Donor 3335,Donor 3336,Donor 3337,Donor 3338,Donor 3339,Donor 3340,Donor 3341,Donor 3342,Donor 3343,Donor 3344,Donor 3345,Donor 3346,Donor 3347,Donor 3348,Donor 3349,Donor 3350,Donor 3351,Donor 3352,Donor 3353
txn_1QXYPKLpAglNISLQupHgsOWU,payout,po_1QXYPKLpAglNISLQkBb9Nd4L,-263.78,0.00,,,-263.78,usd,2024-12-19 01:20,2024-12-20 00:00,STRIPE PAYOUT,,,po_1QXYPKLpAglNISLQkBb9Nd4L,2024-12-20 00:00,,,,,,,,,,,,,,,,,,,,,
txn_3QXSIMLpAglNISLQ0bujzCF5,charge,ch_3QXSIMLpAglNISLQ0gNciEL3,125.25,5.25,,,120.00,usd,2024-12-18 18:48,2024-12-20 00:00,Description 926,125.25,usd,po_1QXYPKLpAglNISLQkBb9Nd4L,2024-12-20 00:00,,Donor 3354,Donor 3355,Donor 3356,Donor 3357,Donor 3358,Donor 3359,Donor 3360,Donor 3361,Donor 3362,Donor 3363,Donor 3364,Donor 3365,Donor 3366,Donor 3367,Donor 3368,Donor 3369,Donor 3370,Donor 3371,Donor 3372,Donor 3373
txn_3QXPrlLpAglNISLQ1zIFFClM,charge,ch_3QXPrlLpAglNISLQ1Yu7h5BF,150.00,6.22,,,143.78,usd,2024-12-18 16:12,2024-12-20 00:00,Description 927,150.00,usd,po_1QXYPKLpAglNISLQkBb9Nd4L,2024-12-20 00:00,,Donor 3374,Donor 3375,Donor 3376,Donor 3377,Donor 3378,Donor 3379,Donor 3380,Donor 3381,Donor 3382,Donor 3383,Donor 3384,Donor 3385,Donor 3386,Donor 3387,Donor 3388,Donor 3389,Donor 3390,Donor 3391,Donor 3392,Donor 3393
txn_1QWpB7LpAglNISLQ8TpGh8r7,payout,po_1QWpB6LpAglNISLQMbTNj0L5,-200.00,0.00,,,-200.00,usd,2024-12-17 01:02,2024-12-18 00:00,STRIPE PAYOUT,,,po_1QWpB6LpAglNISLQMbTNj0L5,2024-12-18 00:00,,,,,,,,,,,,,,,,,,,,,
txn_3QWWIHLpAglNISLQ0TqcugZ8,charge,ch_3QWWIHLpAglNISLQ0UGI4Vqb,208.54,8.54,,,200.00,usd,2024-12-16 04:52,2024-12-18 00:00,Description 928,208.54,usd,po_1QWpB6LpAglNISLQMbTNj0L5,2024-12-18 00:00,,Donor 3394,Donor 3395,Donor 3396,Donor 3397,Donor 3398,Donor 3399,Donor 3400,Donor 3401,Donor 3402,Donor 3403,Donor 3404,Donor 3405,Donor 3406,Donor 3407,Donor 3408,Donor 3409,Donor 3410,Donor 3411,Donor 3412,Donor 3413
txn_1QWSsBLpAglNISLQoTOedsOV,payout,po_1QWSsALpAglNISLQnRCEalSy,-1419.99,0.00,,,-1419.99,usd,2024-12-16 01:13,2024-12-17 00:00,STRIPE PAYOUT,,,po_1QWSsALpAglNISLQnRCEalSy,2024-12-17 00:00,,,,,,,,,,,,,,,,,,,,,
txn_3QVdOYLpAglNISLQ0j8CJ0tU,charge,ch_3QVdOYLpAglNISLQ0AGfymeq,1041.44,41.44,,,1000.00,usd,2024-12-13 18:15,2024-12-17 00:00,Description 929,1041.44,usd,po_1QWSsALpAglNISLQnRCEalSy,2024-12-17 00:00,,Donor 3414,Donor 3415,Donor 3416,Donor 3417,Donor 3418,Donor 3419,Donor 3420,Donor 3421,Donor 3422,Donor 3423,Donor 3424,Donor 3425,Donor 3426,Donor 3427,Donor 3428,Donor 3429,Donor 3430,Donor 3431,Donor 3432,Donor 3433
txn_3QVQdlLpAglNISLQ02RBOcoV,charge,ch_3QVQdlLpAglNISLQ0HDASELt,437.58,17.59,,,419.99,usd,2024-12-13 04:38,2024-12-17 00:00,Description 930,437.58,usd,po_1QWSsALpAglNISLQnRCEalSy,2024-12-17 00:00,,Donor 3434,Donor 3435,Donor 3436,Donor 3437,Donor 3438,Donor 3439,Donor 3440,Donor 3441,Donor 3442,Donor 3443,Donor 3444,Donor 3445,Donor 3446,Donor 3447,Donor 3448,Donor 3449,Donor 3450,Donor 3451,Donor 3452,Donor 3453
txn_1QTYvKLpAglNISLQJc2cVOe0,payout,po_1QTYvJLpAglNISLQi7X2xg3I,-479.95,0.00,,,-479.95,usd,2024-12-08 01:04,2024-12-09 00:00,STRIPE PAYOUT,,,po_1QTYvJLpAglNISLQi7X2xg3I,2024-12-09 00:00,,,,,,,,,,,,,,,,,,,,,
txn_3QSoxYLpAglNISLQ0uwUND2t,charge,ch_3QSoxYLpAglNISLQ01J5qeHZ,500.00,20.05,,,479.95,usd,2024-12-05 23:59,2024-12-09 00:00,Description 931,500.00,usd,po_1QTYvJLpAglNISLQi7X2xg3I,2024-12-09 00:00,,Donor 3454,Donor 3455,Donor 3456,Donor 3457,Donor 3458,Donor 3459,Donor 3460,Donor 3461,Donor 3462,Donor 3463,Donor 3464,Donor 3465,Donor 3466,Donor 3467,Donor 3468,Donor 3469,Donor 3470,Donor 3471,Donor 3472,Donor 3473
txn_1QSTX0LpAglNISLQsL2pUvh0,payout,po_1QSTX0LpAglNISLQAygdtCQK,-95.75,0.00,,,-95.75,usd,2024-12-05 01:07,2024-12-06 00:00,STRIPE PAYOUT,,,po_1QSTX0LpAglNISLQAygdtCQK,2024-12-06 00:00,,,,,,,,,,,,,,,,,,,,,
txn_3QSQLjLpAglNISLQ1WTL98RO,charge,ch_3QSQLjLpAglNISLQ1mILyJ5P,100.00,4.25,,,95.75,usd,2024-12-04 21:43,2024-12-06 00:00,Description 932,100.00,usd,po_1QSTX0LpAglNISLQAygdtCQK,2024-12-06 00:00,,Donor 3474,Donor 3475,Donor 3476,Donor 3477,Donor 3478,Donor 3479,Donor 3480,Donor 3481,Donor 3482,Donor 3483,Donor 3484,Donor 3485,Donor 3486,Donor 3487,Donor 3488,Donor 3489,Donor 3490,Donor 3491,Donor 3492,Donor 3493
txn_1QRkjRLpAglNISLQqtoP1zln,payout,po_1QRkjRLpAglNISLQLV95EU2q,-143.78,0.00,,,-143.78,usd,2024-12-03 01:16,2024-12-04 00:00,STRIPE PAYOUT,,,po_1QRkjRLpAglNISLQLV95EU2q,2024-12-04 00:00,,,,,,,,,,,,,,,,,,,,,
